-- Users
insert into
   user(
      user_id,
      first_name,
      last_name,
      email,
      password_hash,
      phone_number,
      role
   )
values
   (
      '11111111-1111-1111-1111-111111111111',
      'Michael',
      'Frimpong',
      'michael@gmail.com',
      'adminpasshash',
      '0245187344',
      'admin'
   ),
   (
      '22222222-2222-2222-2222-222222222222',
      'Bernice',
      'Frimpong',
      'bernice@gmail.com',
      'hostpass1',
      '0242124262',
      'host'
   ),
   (
      '22222222-2222-2222-2222-222222222223',
      'Kwame',
      'Mensah',
      'kwame.host@gmail.com',
      'hostpass2',
      '0249898123',
      'host'
   ),
   -- Guests
   (
      '33333333-3333-3333-3333-333333333333',
      'Ama',
      'Mensah',
      'ama.guest@gmail.com',
      'guestpass1',
      '0244112233',
      'guest'
   ),
   (
      '33333333-3333-3333-3333-333333333334',
      'Kojo',
      'Boateng',
      'kojo.guest@gmail.com',
      'guestpass2',
      '0201234567',
      'guest'
   ),
   (
      '33333333-3333-3333-3333-333333333335',
      'Efua',
      'Owusu',
      'efua.guest@gmail.com',
      'guestpass3',
      '0509876543',
      'guest'
   );

-- Properties
insert into
   property (
      property_id,
      host_id,
      name,
      description,
      location,
      pricepernight
   )
values
   (
      '44444444-4444-4444-4444-444444444444',
      '22222222-2222-2222-2222-222222222222',
      'Banivillas',
      'Luxurious beach house with ocean views',
      'Labadi, Accra',
      150.00
   ),
   (
      '44444444-4444-4444-4444-444444444445',
      '22222222-2222-2222-2222-222222222222',
      'Garden Nest',
      'Quiet garden property with Wi-Fi',
      'East Legon',
      90.00
   ),
   (
      '44444444-4444-4444-4444-444444444446',
      '22222222-2222-2222-2222-222222222223',
      'Skyview Studio',
      'Modern studio with rooftop access',
      'Osu',
      120.00
   ),
   (
      '44444444-4444-4444-4444-444444444447',
      '22222222-2222-2222-2222-222222222223',
      'CityLights Apartment',
      'High-rise apartment with a city view',
      'Airport Residential',
      180.00
   ),
   (
      '44444444-4444-4444-4444-444444444448',
      '22222222-2222-2222-2222-222222222222',
      'Palm Breeze Lodge',
      'Family-friendly home with pool',
      'Dansoman',
      110.00
   );

-- Bookings
insert into
   booking (
      booking_id,
      property_id,
      user_id,
      status,
      total_price,
      start_date,
      end_date
   )
values
   (
      '55555555-5555-5555-5555-555555555555',
      '44444444-4444-4444-4444-444444444444',
      '33333333-3333-3333-3333-333333333333',
      'confirmed',
      300.00,
      '2025-08-01',
      '2025-08-03'
   ),
   (
      '55555555-5555-5555-5555-555555555556',
      '44444444-4444-4444-4444-444444444445',
      '33333333-3333-3333-3333-333333333334',
      'pending',
      180.00,
      '2025-08-05',
      '2025-08-07'
   ),
   (
      '55555555-5555-5555-5555-555555555557',
      '44444444-4444-4444-4444-444444444446',
      '33333333-3333-3333-3333-333333333335',
      'canceled',
      0.00,
      '2025-08-10',
      '2025-08-11'
   ),
   (
      '55555555-5555-5555-5555-555555555558',
      '44444444-4444-4444-4444-444444444447',
      '33333333-3333-3333-3333-333333333334',
      'confirmed',
      360.00,
      '2025-08-15',
      '2025-08-17'
   ),
   (
      '55555555-5555-5555-5555-555555555559',
      '44444444-4444-4444-4444-444444444448',
      '33333333-3333-3333-3333-333333333333',
      'confirmed',
      220.00,
      '2025-08-20',
      '2025-08-22'
   );

-- Payments
insert into
   payment (payment_id, booking_id, amount, payment_method)
values
   (
      '66666666-6666-6666-6666-666666666666',
      '55555555-5555-5555-5555-555555555555',
      300.00,
      'paypal'
   ),
   (
      '66666666-6666-6666-6666-666666666667',
      '55555555-5555-5555-5555-555555555556',
      180.00,
      'credit_card'
   ),
   (
      '66666666-6666-6666-6666-666666666668',
      '55555555-5555-5555-5555-555555555558',
      360.00,
      'stripe'
   ),
   (
      '66666666-6666-6666-6666-666666666669',
      '55555555-5555-5555-5555-555555555559',
      220.00,
      'paypal'
   ),
   (
      '66666666-6666-6666-6666-666666666670',
      '55555555-5555-5555-5555-555555555556',
      180.00,
      'stripe'
   );

-- Reviews
insert into
   review (review_id, property_id, user_id, rating, comment)
values
   (
      '77777777-7777-7777-7777-777777777777',
      '44444444-4444-4444-4444-444444444444',
      '33333333-3333-3333-3333-333333333333',
      4,
      'Lovely beach house! Peaceful vibes.'
   ),
   (
      '77777777-7777-7777-7777-777777777778',
      '44444444-4444-4444-4444-444444444445',
      '33333333-3333-3333-3333-333333333334',
      5,
      'Quiet and clean, just what I needed.'
   ),
   (
      '77777777-7777-7777-7777-777777777779',
      '44444444-4444-4444-4444-444444444446',
      '33333333-3333-3333-3333-333333333335',
      2,
      'Rooftop view was great, but AC was broken.'
   ),
   (
      '77777777-7777-7777-7777-777777777780',
      '44444444-4444-4444-4444-444444444447',
      '33333333-3333-3333-3333-333333333334',
      3,
      'Noisy at night but comfy beds.'
   ),
   (
      '77777777-7777-7777-7777-777777777781',
      '44444444-4444-4444-4444-444444444448',
      '33333333-3333-3333-3333-333333333333',
      5,
      'Perfect for family. Kids loved the pool.'
   );

-- Messages
insert into
   message (message_id, sender_id, recipient_id, message_body)
values
   (
      '88888888-8888-8888-8888-888888888888',
      '33333333-3333-3333-3333-333333333333',
      '22222222-2222-2222-2222-222222222222',
      'Hi Bernice, the place was great! Thanks again.'
   ),
   (
      '88888888-8888-8888-8888-888888888889',
      '22222222-2222-2222-2222-222222222222',
      '33333333-3333-3333-3333-333333333333',
      'Glad you enjoyed it! You''re always welcome.'
   ),
   (
      '88888888-8888-8888-8888-888888888890',
      '33333333-3333-3333-3333-333333333334',
      '22222222-2222-2222-2222-222222222223',
      'Hello Kwame, can I check in early?'
   ),
   (
      '88888888-8888-8888-8888-888888888891',
      '22222222-2222-2222-2222-222222222223',
      '33333333-3333-3333-3333-333333333334',
      'Sure! Early check-in from 12pm is fine.'
   ),
   (
      '88888888-8888-8888-8888-888888888892',
      '33333333-3333-3333-3333-333333333335',
      '22222222-2222-2222-2222-222222222222',
      'Thanks Bernice, the studio was clean and quiet.'
   );